{"loss": [1.3374451398849487, 0.4529959261417389, 0.27659881114959717, 0.18733443319797516, 0.14192765951156616, 0.11129430681467056, 0.0906866192817688, 0.07964251935482025, 0.06644457578659058, 0.0586991012096405], "accuracy": [0.6053773164749146, 0.8568461537361145, 0.9103350043296814, 0.9379187822341919, 0.952841579914093, 0.9635536074638367, 0.9703250527381897, 0.9739810824394226, 0.9789031744003296, 0.9807952046394348], "val_loss": [0.4964730441570282, 0.3358275592327118, 0.26789262890815735, 0.19308720529079437, 0.16629351675510406, 0.14157378673553467, 0.11329212039709091, 0.13511288166046143, 0.11861889809370041, 0.12870565056800842], "val_accuracy": [0.842761218547821, 0.8903937935829163, 0.9134987592697144, 0.9397336840629578, 0.9460505247116089, 0.954131543636322, 0.9631231427192688, 0.9593671560287476, 0.9632369875907898, 0.9603345990180969]}