{"loss": [1.335519790649414, 0.4438280761241913, 0.26954805850982666, 0.18315529823303223, 0.13757167756557465, 0.10597719997167587, 0.08978521823883057, 0.07322003692388535, 0.06321706622838974, 0.057528939098119736], "accuracy": [0.6036986708641052, 0.8598620295524597, 0.9122554659843445, 0.9398534893989563, 0.9539085030555725, 0.965232253074646, 0.9710932374000549, 0.9761291742324829, 0.9795860052108765, 0.9814638495445251], "val_loss": [0.5224575996398926, 0.30143481492996216, 0.21752026677131653, 0.19930697977542877, 0.17729328572750092, 0.11640112102031708, 0.15924100577831268, 0.17419813573360443, 0.15450744330883026, 0.11928165704011917], "val_accuracy": [0.831777811050415, 0.9029706120491028, 0.9290348291397095, 0.9350671768188477, 0.941611647605896, 0.9619849920272827, 0.9511722922325134, 0.9478147029876709, 0.9527088403701782, 0.9654564261436462]}