{"loss": [1.352699637413025, 0.45642706751823425, 0.2749216854572296, 0.1897626668214798, 0.141635000705719, 0.11254977434873581, 0.08882720023393631, 0.07822933048009872, 0.06277346611022949, 0.056943874806165695], "accuracy": [0.5999146699905396, 0.8566896915435791, 0.911373496055603, 0.9379756450653076, 0.9541930556297302, 0.9627142548561096, 0.9703534841537476, 0.9739099740982056, 0.9795291423797607, 0.9818336963653564], "val_loss": [0.507053792476654, 0.27702537178993225, 0.21301384270191193, 0.19017024338245392, 0.21543408930301666, 0.12748073041439056, 0.1693771332502365, 0.11025554686784744, 0.11260534077882767, 0.11990702897310257], "val_accuracy": [0.8388345241546631, 0.9104256629943848, 0.9298884868621826, 0.9383109211921692, 0.9331891536712646, 0.9606760740280151, 0.9505463242530823, 0.9661393165588379, 0.9688709378242493, 0.9631231427192688]}